{"cameraMode":{"drawMode":0,"name":"Shaded","section":"Shading Mode"},"sceneLighting":false,"audioPlay":false,"sceneViewState":{"showFog":true,"showMaterialUpdate":false,"showSkybox":false,"showFlares":true,"showImageEffects":true,"showParticleSystems":true},"in2DMode":false,"pivot":{"x":-1.565896987915039,"y":0.7031852602958679,"z":-0.6223585605621338},"rotation":{"x":-0.03237244486808777,"y":0.9621140956878662,"z":-0.13155916333198548,"w":-0.23667028546333314},"size":1.0093598365783692,"orthographic":false}