{"cameraMode":{"drawMode":0,"name":"Shaded","section":"Shading Mode"},"sceneLighting":false,"audioPlay":false,"sceneViewState":{"showFog":true,"showMaterialUpdate":false,"showSkybox":false,"showFlares":true,"showImageEffects":true,"showParticleSystems":true},"in2DMode":false,"pivot":{"x":1.3362996578216553,"y":0.1753317415714264,"z":-3.1909687519073488},"rotation":{"x":0.0030867529567331077,"y":-0.9968973398208618,"z":-0.04908023774623871,"w":-0.0635332241654396},"size":0.16507600247859956,"orthographic":false}