{"cameraMode":{"drawMode":0,"name":"Shaded","section":"Shading Mode"},"sceneLighting":false,"audioPlay":false,"sceneViewState":{"showFog":true,"showMaterialUpdate":false,"showSkybox":false,"showFlares":true,"showImageEffects":true,"showParticleSystems":true},"in2DMode":false,"pivot":{"x":1.6246827840805054,"y":0.6004228591918945,"z":-4.383769512176514},"rotation":{"x":0.0030867529567331077,"y":-0.9968973398208618,"z":-0.04908023774623871,"w":-0.0635332241654396},"size":0.6500935554504395,"orthographic":false}