{"cameraMode":{"drawMode":0,"name":"Shaded","section":"Shading Mode"},"sceneLighting":false,"audioPlay":false,"sceneViewState":{"showFog":true,"showMaterialUpdate":false,"showSkybox":false,"showFlares":true,"showImageEffects":true,"showParticleSystems":true},"in2DMode":false,"pivot":{"x":-9.707518577575684,"y":1.3708208799362183,"z":-4.890167236328125},"rotation":{"x":-0.17461669445037843,"y":0.695338785648346,"z":-0.18047626316547395,"w":-0.6735575199127197},"size":1.4253249168395997,"orthographic":false}