{"cameraMode":{"drawMode":0,"name":"Shaded","section":"Shading Mode"},"sceneLighting":false,"audioPlay":false,"sceneViewState":{"showFog":true,"showMaterialUpdate":false,"showSkybox":false,"showFlares":true,"showImageEffects":true,"showParticleSystems":true},"in2DMode":false,"pivot":{"x":-14.777528762817383,"y":3.0462396144866945,"z":-9.812714576721192},"rotation":{"x":-0.048674289137125018,"y":0.5238745808601379,"z":-0.0302048958837986,"w":-0.8500025868415833},"size":3.4654834270477297,"orthographic":false}