{"cameraMode":{"drawMode":0,"name":"Shaded","section":"Shading Mode"},"sceneLighting":false,"audioPlay":false,"sceneViewState":{"showFog":true,"showMaterialUpdate":false,"showSkybox":false,"showFlares":true,"showImageEffects":true,"showParticleSystems":true},"in2DMode":false,"pivot":{"x":-1.9897128343582154,"y":-0.1997455507516861,"z":-4.179988384246826},"rotation":{"x":-0.025507206097245218,"y":0.9716781973838806,"z":-0.124894879758358,"w":-0.19946394860744477},"size":0.5391055345535278,"orthographic":false}