{"cameraMode":{"drawMode":0,"name":"Shaded","section":"Shading Mode"},"sceneLighting":false,"audioPlay":false,"sceneViewState":{"showFog":true,"showMaterialUpdate":false,"showSkybox":false,"showFlares":true,"showImageEffects":true,"showParticleSystems":true},"in2DMode":false,"pivot":{"x":-0.8212213516235352,"y":0.9612911343574524,"z":2.459568500518799},"rotation":{"x":0.023408081382513047,"y":0.2741352319717407,"z":-0.006554598454385996,"w":0.9614832997322083},"size":1.0693600177764893,"orthographic":false}