{"cameraMode":{"drawMode":0,"name":"Shaded","section":"Shading Mode"},"sceneLighting":true,"audioPlay":false,"sceneViewState":{"showFog":true,"showMaterialUpdate":false,"showSkybox":true,"showFlares":true,"showImageEffects":true,"showParticleSystems":true},"in2DMode":false,"pivot":{"x":0.03546908497810364,"y":0.057871997356414798,"z":-0.1840496063232422},"rotation":{"x":-0.04000890254974365,"y":0.6611500978469849,"z":-0.035330019891262057,"w":-0.7483754754066467},"size":0.07389336079359055,"orthographic":false}