{"cameraMode":{"drawMode":0,"name":"Shaded","section":"Shading Mode"},"sceneLighting":false,"audioPlay":false,"sceneViewState":{"showFog":true,"showMaterialUpdate":false,"showSkybox":false,"showFlares":true,"showImageEffects":true,"showParticleSystems":true},"in2DMode":false,"pivot":{"x":-12.547781944274903,"y":1.6898949146270753,"z":-10.795867919921875},"rotation":{"x":-0.002443295670673251,"y":0.9959890842437744,"z":-0.030208416283130647,"w":-0.0853176862001419},"size":3.9165103435516359,"orthographic":false}