{"cameraMode":{"drawMode":0,"name":"Shaded","section":"Shading Mode"},"sceneLighting":false,"audioPlay":false,"sceneViewState":{"showFog":true,"showMaterialUpdate":false,"showSkybox":false,"showFlares":true,"showImageEffects":true,"showParticleSystems":true},"in2DMode":false,"pivot":{"x":-0.5602324604988098,"y":0.10964745283126831,"z":0.33341193199157717},"rotation":{"x":0.14468976855278016,"y":0.16743797063827516,"z":-0.02474147267639637,"w":0.9749835729598999},"size":1.2332106828689576,"orthographic":false}